NatEmis,EmisNo,ProvinceCD,Province,Institution_Name,Name,Status,Sector,Type_DoE,Phase_DoE,Specialisation,OwnerLand,OwnerBuildings,ExDept,PaypointNo,ComponentNo,ResponsibilityCode,ExamNo,New_ExamsNo,ExamCentre,GIS_Long,GIS_Lat,GISSource,MagDist_Code,Magisterial_District,DMunCode,DMunName,LMunCode,LMunName,Ward_ID,Ward,SP_Code,SP_Name,EIRegion,EIDistrict,EICircuit,AddrInit,Addressee,Street_No,Street,StreetType,StreetName,Township_Village,Suburb,Town_City,Postal Code,StreetAddress,Box_P_Bag,Post Office,Box_Bag Postal_Code,PostalAddress,Telephone,Facsimile,cellno,Email,Urban_Rural,Section21,Section21_Funct,Quintile,NAS,NodalArea,NAT,RegistrationDate,NoFeeSchool,Allocation,Dinaledi_Schools,Quids_Up_School,GIS_ERROR,Snap_Learners_2007,Educator_Numbers_2007,Snap_Learners_2008,Educator_Numbers_2008,Snap_Learners_2009,Educator_Numbers_2009,Snap_Learners_2010,Educator_Numbers_2010,Snap_Learners_2011,Educator_Numbers_2011,MAIN_SATELITE,MAIN_NATEMIS,MAIN_INSTITUTION,BOARDING SCHOOL,FEMALE BOARDERS,MALE BOARDERS,TOTAL BOARDERS
132310302,0132310302,1,WC,SWARTLAND HS.,SWARTLAND,OPEN,PUBLIC,ORDINARY SCHOOL,SECONDARY SCHOOL,TO BE UPDATED,PUBLIC,TO BE UPDATED,CAPE EDUCATION DEPARTMENT(CED),310302,5487,TO BE UPDATED,5522,1375522,SWARTLAND HS.,18.732925,-33.456274,WCED,67,MALMESBURY,DC1,WEST COAST DISTRICT MUNICIPALITY,WC015,SWARTLAND LOCAL MUNICIPALITY,10105010,10,10509000,NONE,NOT APPLICABLE,WEST COAST,01,DJ,MARAIS,,DIRKIE UYS,STREET,DIRKIE UYS  STREET,,,MALMESBURY,,"DIRKIE UYS STREET,MALMESBURY,",POSBUS 253,MALMESBURY,"POSBUS 253,MALMESBURY,7299","POSBUS 253,MALMESBURY,7299",0224821469,0224821177,0845151292,admin@swartlandhs.org.za,RURAL,YES,ABCDE,5,N,NOT APPLICABLE,NOT APPLICABLE,03-Jan-00,NO,144,FALSE,FALSE,TO BE UPDATED,738,32,703,29,727,31,749,32,745,33,,,,TRUE,61,38,99
200100238,100238,2,EC,GAMBLE STREET SECONDARY SCHOOL,GAMBLE STREET,OPEN,PUBLIC,ORDINARY SCHOOL,SECONDARY SCHOOL,ORDINARY,PUBLIC,PUBLIC,HOUSE OF REPRESENTATIVES(HOR),022413,022413,TO BE UPDATED,623133,4231003,GAMBLE STREET SECONDARY SCHOOL (,25.38558,-33.76564,NEIMS 2007,51,PORT ELIZABETH,NMA,NELSON MANDELA BAY METROPOLITAN MUNICIPALITY,NMA,NELSON MANDELA BAY METROPOLITAN MUNICIPALITY,29500048,48,27518006,COLLEGE HILL,NOT APPLICABLE,UITENHAGE,CIRCUIT6,L. J,BARNES,,GAMBLE,STREET,GAMBLE STREET,,RIVERSIDE,UITENHAGE,6230,"GAMBLE STREET,RIVERSIDE,UITENHAGE,6230",PRIVATE BAG X40,UITENHAGE,"PRIVATE BAG X40,UITENHAGE,6230","PRIVATE BAG X40,UITENHAGE,6230",0419910757,0419911072,0832253618,gamblelesecondary@telkomsa.net,URBAN,NO,NONE,5,N,NOT APPLICABLE,NOT APPLICABLE,01-Jan-10,NO,0,FALSE,FALSE,TO BE UPDATED,1373,33,1210,38,1131,37,1042,35,1150,35,,,,TRUE,72,25,97
200100856,100856,2,EC,LAERSKOOL WILLOWMORE,WILLOWMORE,OPEN,PUBLIC,ORDINARY SCHOOL,PRIMARY SCHOOL,PRIMARY SUBJECTS,PUBLIC,TO BE UPDATED,CAPE EDUCATION DEPARTMENT(CED),084216,084216,TO BE UPDATED,NOT APPLICABLE,,NOT APPLICABLE,23.4871,-33.29891,NEIMS 2007,167,WILLOWMORE,DC10,CACADU DISTRICT MUNICIPALITY,EC107,BAVIAANS LOCAL MUNICIPALITY,TO BE UPDATED,99,20704002,HILLVIEW,NOT APPLICABLE,GRAAFF-REINET,CIRCUIT2,M.J,DEJAGER,,ADDERLY,STREET,ADDERLY STREET,,WILLOWMORE,WILLOWVALE,6445,"ADDERLY STREET,WILLOWMORE,WILLOWVALE,6445",P.O.BOX 6,WILLOWMORE,"P.O.BOX 6,WILLOWMORE,6445","P.O.BOX 6,WILLOWMORE,6445",0449232284,0449232284,,,URBAN,YES,ABCD,4,N,NOT APPLICABLE,NOT APPLICABLE,01-Jan-13,NO,0,FALSE,FALSE,TO BE UPDATED,130,4,118,3,176,4,208,4,220,4,,,,TRUE,46,44,90
200100862,100862,2,EC,WINTERBERG AGRIC HIGH SCHOOL,WINTERBERG,OPEN,PUBLIC,ORDINARY SCHOOL,SECONDARY SCHOOL,AGRICULTURE,PUBLIC,PUBLIC,CAPE EDUCATION DEPARTMENT(CED),074367,074367,TO BE UPDATED,517043,4171041,WINTERBERG AGRICULTURAL HIGH SCHOOL,26.46217,-32.82361,NEIMS 2007,243,FORT BEAUFORT,DC12,AMATOLE DISTRICT MUNICIPALITY,EC127,NKONKOBE LOCAL MUNICIPALITY,21207008,8,21611000,NONE,NOT APPLICABLE,FORT BEAUFORT,CIRCUIT7,ANDRE' JANSEN,VANVUUREN,,INDUSTRIAL,AREA,INDUSTRIAL  AREA,,WINTERBERG,FORT BEAUFORT,5720,"INDUSTRIAL AREA,WINTERBERG,FORT BEAUFORT,5720",PRIVATE BAG X238,FORTBEAUFORT,"PRIVATE BAG X238,FORTBEAUFORT,5720","PRIVATE BAG X238,FORTBEAUFORT,5720",0466451168,0466451518,0833037566,winterberg@winagric.co.za,URBAN,YES,ABCD,5,N,NOT APPLICABLE,NOT APPLICABLE,01-Jan-72,NO,0,FALSE,FALSE,TO BE UPDATED,270,16,258,14,260,14,237,17,264,17,,,,TRUE,33,61,94
200200103,200103,2,EC,DALE COLLEGE,DALE,OPEN,PUBLIC,ORDINARY SCHOOL,SECONDARY SCHOOL,COMPREHENSIVE,PUBLIC,PUBLIC,CAPE EDUCATION DEPARTMENT(CED),011415,011415,TO BE UPDATED,519029,4191009,DALE COLLEGE BOYS HIGH SCHOOL,27.40572,-32.87465,NEIMS 2007,156,KING WILLIAM'S TOWN,DC12,AMATOLE DISTRICT MUNICIPALITY,EC125,BUFFALO CITY LOCAL MUNICIPALITY,21205042,42,21431008,HEADLANDS,NOT APPLICABLE,KING WILLIAMS TOWN,8A,MR. M,EDDY,,QUEENS,ROAD,QUEENS ROAD,,KING WILLIAM'S TOWN,KING WILLIAMS TOWN,5600,"QUEENS ROAD,KING WILLIAM'S TOWN,KING WILLIAMS TOWN,5600",P.O.BOX 62,KINGWILLIAMSTOWN,"P.O.BOX 62,KINGWILLIAMSTOWN,5600","P.O.BOX 62,KINGWILLIAMSTOWN,5600",0436421968,0436425452,0829204099,office@dalecollege.co.za,URBAN,YES,ABCD,5,N,NOT APPLICABLE,NOT APPLICABLE,01-Jan-61,NO,0,FALSE,FALSE,TO BE UPDATED,508,27,513,26,535,26,514,28,522,27,,,,TRUE,,95,95
200600204,600204,2,EC,FREEMANTLE BOYS' HIGH SCHOOL,FREEMANTLE,OPEN,PUBLIC,ORDINARY SCHOOL,SECONDARY SCHOOL,ORDINARY,PUBLIC,PUBLIC,TRANSKEI,012413,012413,TO BE UPDATED,308032,4081004,FREEMANTLE S.S. SCHOOL (08),27.18657,-31.70874,NEIMS 2007,295,CACADU/GLEN GREY/LADY FRERE,DC13,CHRIS HANI DISTRICT MUNICIPALITY,EC136,EMALAHLENI LOCAL MUNICIPALITY,21306005,5,22315011,FREEMANTLE,NOT APPLICABLE,LADY FRERE,CIRCUIT1,D.B,DUMSE,,,,,,FREEMANTLE FARM,LADYFRERE,5410,"FREEMANTLE FARM,LADYFRERE,5410",P.O.BOX 16,LADYFRERE,"P.O.BOX 16,LADYFRERE,5410","P.O.BOX 16,LADYFRERE,5410",0825448485,,0825448485,,RURAL,YES,ABCD,2,Y,BUSHBUCKRIDGE,RURAL,01-Jan-39,YES,740,FALSE,TRUE,TO BE UPDATED,299,10,267,10,300,12,357,12,425,9,,,,TRUE,,94,94
200600819,600819,2,EC,TARKASTAD HIGH SCHOOL,TARKASTAD,OPEN,PUBLIC,ORDINARY SCHOOL,COMBINED SCHOOL,ORDINARY,PUBLIC,PUBLIC,CAPE EDUCATION DEPARTMENT(CED),044201,044201,TO BE UPDATED,309009,4091015,TARKASTAD HIGH SCHOOL,26.25658,-32.01001,NEIMS 2007,298,TARKA,DC13,CHRIS HANI DISTRICT MUNICIPALITY,EC132,TSOLWANA LOCAL MUNICIPALITY,21302004,4,21906000,NONE,NOT APPLICABLE,CRADOCK,TARKAHOFMEYR,H.M,STRYDOM,,BRUTON,STREET,BRUTON  STREET,,,TARKASTAD,5370,"BRUTON STREET,TARKASTAD,5370",P.O.BOX 13,TARKASTAD,"P.O.BOX 13,TARKASTAD,5370","P.O.BOX 13,TARKASTAD,5370",0458460173,0458460555,,tarkaskool@xsinet.co.za,URBAN,YES,ABCD,4,Y,CHRIS HANI,RURAL,01-Jan-60,NO,0,FALSE,FALSE,TO BE UPDATED,352,16,317,14,375,16,451,19,508,18,,,,TRUE,47,46,93
300012601,12601,3,NC,HOËR LANDBOUSKOOL NOORD-KAAPLAND,LANDBOU  NOORD-KAAPLAND,OPEN,PUBLIC,ORDINARY SCHOOL,SECONDARY SCHOOL,ORDINARY,PUBLIC,PUBLIC,HOUSE OF ASSEMBLY(HOA),99,TO BE UPDA,7770,2012601,2012601,H/LANDBOUSKOOL NOORD-KAAPLAND,24.8615,-27.90433,NEIMS 2007,193,CHRISTIANA,DC39,BOPHIRIMA DISTRICT MUNICIPALITY,NW396,LEKWA-TEEMANE LOCAL MUNICIPALITY,63906006,6,61604001,CHRISTIANA NU,NOT APPLICABLE,FRANCES BAARD,NOTAPPLICABLE,AH,OLIVIER,,VAN RIEBEECK,STREET,VAN RIEBEECK  STREET,,,JAN KEMPDORP,8550,"VAN RIEBEECK STREET,JAN KEMPDORP,8550",PRIVATE BAG X3,JAN KEMPDORP,"PRIVATE BAG X3,JAN KEMPDORP,8550","PRIVATE BAG X3,JAN KEMPDORP,8550",0534560424,0534560425,0828517652,landbouskool@intekom.co.za,RURAL,YES,ABCD,3,N,NOT APPLICABLE,NOT APPLICABLE,02-Jan-00,NO,0,FALSE,TRUE,INCORRECT PROVINCE,228,14,227,15,210,13,180,12,183,14,SATELITE,,,TRUE,42,57,99
440506317,40506317,4,FS,BOTHAVILLE S/S,BOTHAVILLE,OPEN,PUBLIC,ORDINARY SCHOOL,SECONDARY SCHOOL,ORDINARY,PUBLIC,PUBLIC,HOUSE OF ASSEMBLY(HOA),125204,194204,3457,3181003,3181003,BOTHAVILLE SS,26.606637,-27.385278,FSED 2007,263,BOTHAVILLE,DC18,LEJWELEPUTSWA DISTRICT MUNICIPALITY,FS185,NALA LOCAL MUNICIPALITY,41805012,12,41101001,MEYERHOF,NOT APPLICABLE,LEJWELEPUTSWA,11,P.A.L,WESSELS,,SYMOND,STREET,SYMOND  STREET,,,BOTHAVILLE,9660,"SYMOND STREET,BOTHAVILLE,9660",P.O.BOX  31,BOTHAVILLE,"P.O.BOX  31,BOTHAVILLE,9660","P.O.BOX  31,BOTHAVILLE,9660",0565152700,0565152714,0834095303,bhs@schoolink.co.za,URBAN,YES,ABCDE,5,N,NOT APPLICABLE,NOT APPLICABLE,03-Jan-00,NO,0,FALSE,FALSE,TO BE UPDATED,369,16,338,16,313,17,299,18,317,18,,,,TRUE,53,44,97
444510260,44510260,4,FS,VREDE C/S,VREDE,OPEN,PUBLIC,ORDINARY SCHOOL,COMBINED SCHOOL,ORDINARY,PUBLIC,PUBLIC,HOUSE OF ASSEMBLY(HOA),129225,191206,7752,3194018,3194018,VREDE CS,29.157548,-27.434475,FSED 2007,215,VREDE,DC19,THABO MOFUTSANYANE DISTRICT MUNICIPALITY,FS195,PHUMELELA LOCAL MUNICIPALITY,41905003,3,41604000,VREDE SP,NOT APPLICABLE,THABO MOFUTSANYANA,15,W.L,ELS,,REYNEKE 22,STREET,REYNEKE 22  STREET,,,VREDE,9835,"REYNEKE 22 STREET,VREDE,9835",PRIVAATSAK X7,GIYANI,"PRIVAATSAK X7,GIYANI,9835","PRIVAATSAK X7,GIYANI,9835",0589131003,0589132540,0833048058,hsvrede@lantic.net,URBAN,YES,ABCDE,4,N,NOT APPLICABLE,NOT APPLICABLE,17-Sep-98,NO,0,FALSE,TRUE,TO BE UPDATED,308,20,314,20,300,20,304,21,308,21,,,,TRUE,49,44,93
500122581,122581,5,KZ,DOMINO SERVITE COMBINED PRIVATE,DOMINO SERVITE,OPEN,INDEPENDENT,ORDINARY SCHOOL,COMBINED SCHOOL,ORDINARY,TO BE UPDATED,TO BE UPDATED,DEPARTMENT OF EDUCATION AND TRAINING(DET),99,TO BE UPDA,TO BE UPDATED,5212230,,DOMINO SERVITE HIGH SCHOOL,30.96177,-29.08017,GEOCODE 2010 GOOGLE EARTH,223,KRANSKOP,DC24,UMZINYATHI DISTRICT MUNICIPALITY,KZN245,UMVOTI LOCAL MUNICIPALITY,52405010,10,52312001,KRANSKOP NU,UKHAHLAMBA,UMZINYATHI,UMVOTI,THE,MANAGER,,JAMERDAL,FARM,JAMERDAL  FARM,,,UMVOTI,3268,"JAMERDAL FARM,UMVOTI,3268",P.O.BOX 49405,KRANSKOP,"P.O.BOX 49405,KRANSKOP,3268","P.O.BOX 49405,KRANSKOP,3268",03248145509,0324815335,0834498469,,RURAL,NO,NONE,TO BE UPDATED,Y,UMZINYATHI,RURAL,02-Jan-00,NO,0,FALSE,FALSE,TO BE UPDATED,271,33,259,30,272,31,272,36,269,34,,,,TRUE,58,41,99
500123358,123358,5,KZ,DRAKENSBERG BOYS' CHOIR,DRAKENSBERG,OPEN,INDEPENDENT,ORDINARY SCHOOL,COMBINED SCHOOL,ORDINARY,TO BE UPDATED,TO BE UPDATED,KWAZULU NATAL EDUCATION DEPARTMENT,99,TO BE UPDA,TO BE UPDATED,NOT APPLICABLE,,NOT APPLICABLE,29.4366,-29.02178,GEOCODE 2010 GOOGLE EARTH,289,ESTCOURT,DC23,UTHUKELA DISTRICT MUNICIPALITY,KZN235,OKHAHLAMBA LOCAL MUNICIPALITY,52305001,99,51710003,ESTCOURT NU,UKHAHLAMBA,OTHUKELA,BERGVILLE,THE,MANAGER,,CHAMPAGNE VALLEY,,CHAMPAGNE VALLEY,,,CATHKIN PARK,3340,"CHAMPAGNE VALLEY ,CATHKIN PARK,3340",PRIVATE BAG X20,WINTERTON,"PRIVATE BAG X20,WINTERTON,3340","PRIVATE BAG X20,WINTERTON,3340",0364681012,0364681709,0836270185,,RURAL,NO,NONE,TO BE UPDATED,N,NOT APPLICABLE,NOT APPLICABLE,02-Jan-00,NO,0,FALSE,FALSE,TO BE UPDATED,109,13,109,12,90,8,93,12,105,14,,,,TRUE,,92,92
500146853,146853,5,KZ,GAMALAKHE COMMERCIAL H,GAMALAKHE,OPEN,PUBLIC,ORDINARY SCHOOL,SECONDARY SCHOOL,ORDINARY,PUBLIC,PUBLIC,KWAZULU NATAL EDUCATION DEPARTMENT,99,TO BE UPDA,TO BE UPDATED,5312249,5312208,GAMALAKHE COMMERCIAL H,30.340333,-30.80445,NEIMS 2007,37,PORT SHEPSTONE,DC21,UGU DISTRICT MUNICIPALITY,KZN216,HIBISCUS COAST LOCAL MUNICIPALITY,52106026,26,50603000,NONE,UMGUNGUNDLOVU,PORT SHEPSTONE,SAYIDI,M.P,BOHIELA,15,15 GAMALAKHE,LOCATION,15 15 GAMALAKHE  LOCATION,,GAMALAKHE,PORT SHEPSTONE,4265,"15 15 GAMALAKHE LOCATION,GAMALAKHE,PORT SHEPSTONE,4265",PRIVATE BAG X1002,STMICHAELSONSEA,"PRIVATE BAG X1002,STMICHAELSONSEA,4265","PRIVATE BAG X1002,STMICHAELSONSEA,4265",0393181532,0393182599,0836944459,,URBAN,NO,NONE,4,Y,UGU,RURAL,02-Jan-00,NO,0,TRUE,FALSE,TO BE UPDATED,930,28,926,26,927,30,917,31,916,29,,,,TRUE,526,394,920
500325822,325822,5,KZ,EKUPHIWENI JS,EKUPHIWENI,OPEN,PUBLIC,ORDINARY SCHOOL,INTERMEDIATE SCHOOL,ORDINARY,PUBLIC,PUBLIC,KWAZULU NATAL EDUCATION DEPARTMENT,99,TO BE UPDA,TO BE UPDATED,NOT APPLICABLE,,NOT APPLICABLE,30.83975,-28.56699,NEIMS 2007,222,NKANDLA,DC28,UTHUNGULU DISTRICT MUNICIPALITY,KZN286,NKANDLA LOCAL MUNICIPALITY,52806002,2,54204002,EKUPHIWENI,ZULULAND,EMPANGENI,NKANDLA,S.M,KHATHINI,,MCHUNU,TRIBAL AUTHORITY,MCHUNU  TRIBAL AUTHORITY,,EKUPHIWENI AREA,NKANDLA,3855,"MCHUNU TRIBAL AUTHORITY,EKUPHIWENI AREA,NKANDLA,3855",PRIVATE BAG X4802,NKANDLA,"PRIVATE BAG X4802,NKANDLA,3855","PRIVATE BAG X4802,NKANDLA,3855",0762301079,,0762301079,,RURAL,NO,NONE,1,N,NOT APPLICABLE,NOT APPLICABLE,02-Jan-00,YES,807,FALSE,TRUE,TO BE UPDATED,91,3,90,3,90,4,100,4,118,4,,,,TRUE,51,46,97
500342472,342472,5,KZ,SOUTH COAST ACADEMY,SOUTH COAST,OPEN,INDEPENDENT,ORDINARY SCHOOL,COMBINED SCHOOL,ORDINARY,TO BE UPDATED,TO BE UPDATED,NEW EDUCATION DEPARTMENT,99,TO BE UPDA,TO BE UPDATED,5312174,5312254,SOUTH COAST ACADEMY,30.353105,-30.879571,GEOCODE 2010 GOOGLE EARTH,TO BE UPDA,TO BE UPDATED,DC21,UGU DISTRICT MUNICIPALITY,KZN215,EZINGOLENI LOCAL MUNICIPALITY,52106002,2,TO BE UPDATED,TO BE UPDATED,UMGUNGUNDLOVU,PORT SHEPSTONE,SAYIDI,THE,MANAGER,,IZOTSHA,,IZOTSHA,,,RAMSGATE,4285,"IZOTSHA ,RAMSGATE,4285",P.O.BOX 371,RAMSGATE,"P.O.BOX 371,RAMSGATE,4285","P.O.BOX 371,RAMSGATE,4285",0393120162,0393174255,0824632930,,TO BE UPDATED,NO,NONE,TO BE UPDATED,N,NOT APPLICABLE,NOT APPLICABLE,02-Jan-00,NO,0,FALSE,FALSE,TO BE UPDATED,327,15,347,17,462,25,461,28,445,25,,,,TRUE,37,54,91
600100472,100472,6,NW,GRENVILLE HIGH,GRENVILLE,OPEN,PUBLIC,ORDINARY SCHOOL,SECONDARY SCHOOL,COMPREHENSIVE,PUBLIC,PUBLIC,BOPHUTATSWANA(BOP),84305,84305,TO BE UPDATED,2027,9152027,GRENVILLE HIGH SCHOOL,27.24085,-25.66128,NEIMS 2007,201,RUSTENBURG,DC37,BOJANALA DISTRICT MUNICIPALITY,NW373,RUSTENBURG LOCAL MUNICIPALITY,63703013,13,60315019,RUSTENBURG CENTRAL,BOJANALA,RUSTENBURG,BOKAMOSO,A,TAUTE,98,98 KLOPPER,STREET,98 98 KLOPPER  STREET,,,RUSTENBURG,0300,"98 98 KLOPPER STREET,RUSTENBURG,0300",PRIVATE BAG X82071,RUSTENBURG,"PRIVATE BAG X82071,RUSTENBURG,0300","PRIVATE BAG X82071,RUSTENBURG,0300",0145920344,0145925791,,,TO BE UPDATED,NO,NONE,3,N,NOT APPLICABLE,NOT APPLICABLE,02-Jan-00,NO,0,TRUE,TRUE,TO BE UPDATED,810,39,785,35,855,38,857,32,896,43,,,,TRUE,71,21,92
700231977,231977,7,GT,MERIDIAN COLLEGE,MERIDIAN,OPEN,INDEPENDENT,ORDINARY SCHOOL,SECONDARY SCHOOL,ORDINARY,INDEPENDENT,INDEPENDENT,DEPARTMENT OF EDUCATION AND TRAINING(DET),99,TO BE UPDA,TO BE UPDATED,231977,8231977,MERIDIAN COLLEGE,28.2764547512,-25.7112479563,GDE2010,204,PRETORIA,TSH,CITY OF TSHWANE METROPOLITAN MUNICIPALITY,TSH,CITY OF TSHWANE METROPOLITAN MUNICIPALITY,79600003,3,77612097,PRETORIA CBD,NOT APPLICABLE,TSHWANE SOUTH,TO BE UPDATED,DP,PRINSLOO,1,CNR. KOEDOESPOORT AND STORMVOEL,ROAD,1 CNR. KOEDOESPOORT AND STORMVOEL  ROAD,,KOEDOESPOORT,EASTLYNN,,"1 CNR. KOEDOESPOORT AND STORMVOEL ROAD,KOEDOESPOORT,EASTLYNN,",P.O.BOX  15475,GIYANI,"P.O.BOX  15475,GIYANI,0039","P.O.BOX  15475,GIYANI,0039",0128004070,0128003824,0732459555,adminpta@education.co.za,URBAN,TO BE UPDATED,TO BE UPDATED,TO BE UPDATED,N,NOT APPLICABLE,NOT APPLICABLE,02-Jan-00,NO,0,FALSE,FALSE,TO BE UPDATED,239,13,219,11,190,2,210,12,236,11,,,,TRUE,30,60,90
700400194,400194,7,GT,AURORA PRIMARY INDEPENDENT SCHOOL,AURORA,OPEN,INDEPENDENT,ORDINARY SCHOOL,PRIMARY SCHOOL,PRIMARY SUBJECTS,INDEPENDENT,INDEPENDENT,NEW EDUCATION DEPARTMENT,99,TO BE UPDA,TO BE UPDATED,NOT APPLICABLE,,NOT APPLICABLE,28.39543,-26.00935,GDE2010,TO BE UPDA,TO BE UPDATED,EKU,EKHURULENI METROPOLITAN MUNICIPALITY,EKU,EKURHULENI METROPOLITAN MUNICIPALITY,79300018,18,TO BE UPDATED,TO BE UPDATED,NOT APPLICABLE,GAUTENG EAST,TO BE UPDATED,V,WALKER,32,32 CILVALE,STREET,32 32 CILVALE  STREET,,BAPSFONTEIN,BENONI,,"32 32 CILVALE STREET,BAPSFONTEIN,BENONI,",P.O.BOX  8812,GIYANI,"P.O.BOX  8812,GIYANI,1613","P.O.BOX  8812,GIYANI,1613",0824268527,0116091242,0824268527,admin@auroraprimaryschool.com,URBAN,TO BE UPDATED,TO BE UPDATED,TO BE UPDATED,N,NOT APPLICABLE,NOT APPLICABLE,07-Jul-07,NO,0,FALSE,FALSE,TO BE UPDATED,101,6,,,126,6,165,7,176,5,,,,TRUE,41,54,95
800005876,800005876,8,MP,HOËRSKOOL MIDDELBURG,MIDDELBURG,OPEN,PUBLIC,ORDINARY SCHOOL,SECONDARY SCHOOL,ORDINARY,PUBLIC,PUBLIC,TRANSVAAL EDUCATION DEPARTMENT(TED),302123,302123,800005876,6610029,6304702,HOERSKOOL MIDDELBURG,29.45617,-25.76867,TO BE UPDATED,121,MIDDELBURG,DC31,NKANGALA DISTRICT MUNICIPALITY,MP313,STEVE TSHWETE LOCAL MUNICIPALITY,83103014,14,81007012,MIDDELBURG (NU),NKANGALA,NOT APPLICABLE,MIDDELBURG1,THE,MR JH STRONKHORST,1,O.R. TAMBO,STREET,1 O.R. TAMBO  STREET,,MIDDELBURG,,1050,"1 O.R. TAMBO STREET,MIDDELBURG,1050",PRIVATE BAG X251811,MIDDELBURG,"PRIVATE BAG X251811,MIDDELBURG,1050","PRIVATE BAG X251811,MIDDELBURG,1050",0132827393,0132824402,0832347715,middies@ananzi.com,TO BE UPDATED,YES,ABCDE,5,N,NOT APPLICABLE,NOT APPLICABLE,14-Jul-92,NO,0,FALSE,FALSE,TO BE UPDATED,1036,49,1020,51,1027,50,962,50,950,54,,,,TRUE,46,53,99
800005918,800005918,8,MP,HOËRSKOOL PIET RETIEF,PIET RETIEF,OPEN,PUBLIC,ORDINARY SCHOOL,SECONDARY SCHOOL,ORDINARY,PUBLIC,PUBLIC,TRANSVAAL EDUCATION DEPARTMENT(TED),200533,200533,800005918,6602021,6121008,HOERSKOOL PIET RETIEF,30.80783,-26.99233,GEOCODE 2010 GOOGLE EARTH,22,PIET RETIEF,DC30,GERT SIBANDE DISTRICT MUNICIPALITY,MP303,MKHONDO LOCAL MUNICIPALITY,83003007,7,80307002,PIET RETIEF (NU),GERT SIBANDE,NOT APPLICABLE,PIETRETIEF,THE,MR SE BOUWER,,MAC STR 1,,MAC STR 1,,PIET RETIEF,,2380,"MAC STR 1 ,PIET RETIEF,2380",PRIVAATSAK X 7,GIYANI,"PRIVAATSAK X 7,GIYANI,2380","PRIVAATSAK X 7,GIYANI,2380",0178260534,0178264210,0828041845,,TO BE UPDATED,YES,ABCDE,TO BE UPDATED,N,NOT APPLICABLE,NOT APPLICABLE,14-Jul-92,NO,0,FALSE,FALSE,TO BE UPDATED,634,31,665,29,662,30,690,33,695,33,,,,TRUE,55,40,95
800030593,800030593,8,MP,METROPOLITAN COLLEGE,METROPOLITAN,OPEN,INDEPENDENT,ORDINARY SCHOOL,COMBINED SCHOOL,ORDINARY,TO BE UPDATED,TO BE UPDATED,NEW EDUCATION DEPARTMENT,99,TO BE UPDA,800030593,6604071,6242390,METROLOPLITAN COLLEGE,,,TO BE UPDATED,TO BE UPDA,NEBO,DC32,EHLANZENI DISTRICT MUNICIPALITY,MP322,MBOMBELA LOCAL MUNICIPALITY,83205025,25,TO BE UPDATED,TO BE UPDATED,EHLANZENI,NOT APPLICABLE,WHITERIVER,C,KOUATCHO,2,HENNIE VAN TILST,STREET,2 HENNIE VAN TILST  STREET,,WHITE RIVER,,1240,"2 HENNIE VAN TILST STREET,WHITE RIVER,1240",P.O.BOX  2598,GIYANI,"P.O.BOX  2598,GIYANI,1240","P.O.BOX  2598,GIYANI,1240",0137502255,0137500105,0731293576,metrocollege@wol.co.za,TO BE UPDATED,TO BE UPDATED,TO BE UPDATED,TO BE UPDATED,N,NOT APPLICABLE,NOT APPLICABLE,06-Dec-01,NO,0,FALSE,FALSE,TO BE UPDATED,,,,,425,28,492,31,644,42,,,,TRUE,62,34,96
906121549,906121549,9,LP,WATERBERG HIGH,WATERBERG,OPEN,PUBLIC,ORDINARY SCHOOL,SECONDARY SCHOOL,ORDINARY,PUBLIC,PUBLIC,NEW EDUCATION DEPARTMENT,800002,1410,TO BE UPDATED,7125143,7125143,WATERBERG HIGH,28.99717,-24.18874,NEIMS 2007,TO BE UPDA,POTGIETERSRUS,DC36,WATERBERG DISTRICT MUNICIPALITY,LIM367,MOGALAKWENA LOCAL MUNICIPALITY,93607031,31,91913007,POTGIETERSRUS CENTRAL,NOT APPLICABLE,WATERBERG,POTGIETERSRUS,P.P.J,MORRIS,,COR DUDU MADISHA & GEYSER,ROAD,COR DUDU MADISHA & GEYSER  ROAD,,,MOKOPANE,0600,"COR DUDU MADISHA & GEYSER ROAD,MOKOPANE,0600",PRIVATE BAG X2474,MOKOPANE,"PRIVATE BAG X2474,MOKOPANE,0600","PRIVATE BAG X2474,MOKOPANE,0600",0154912225,0154914045,0837551332,waterberg@lantic.net,RURAL,YES,TO BE UPDATED,5,N,NOT APPLICABLE,NOT APPLICABLE,02-Jan-00,NO,0,TRUE,FALSE,TO BE UPDATED,712,25,670,26,698,26,697,25,732,26,,,,TRUE,53,41,94
909132044,909132044,9,LP,GROENVLEI SECONDARY,GROENVLEI,OPEN,PUBLIC,ORDINARY SCHOOL,SECONDARY SCHOOL,ORDINARY,PUBLIC,PUBLIC,HOUSE OF ASSEMBLY(HOA),850039,TO BE UPDA,TO BE UPDATED,7133116,7133116,GROENVLEI SEC SCHOOL,27.32415,-24.25983,NEIMS 2007,8,THABAZIMBI,DC36,WATERBERG DISTRICT MUNICIPALITY,LIM361,THABAZIMBI LOCAL MUNICIPALITY,93601001,99,91412004,THABAZIMBI NU,NOT APPLICABLE,WATERBERG,THABAZIMBI,M .A,MAKWELA,,THABAZIMBI-SENTRUIM,ROAD,THABAZIMBI-SENTRUIM ROAD,,SENTRUM,THABAZIMBI,0380,"THABAZIMBI-SENTRUIM ROAD,SENTRUM,THABAZIMBI,0380",P.O.BOX952,,"P.O.BOX952,,0380","P.O.BOX952,,0380",0147790680,0147790680,0828093867,,RURAL,YES,TO BE UPDATED,1,N,NOT APPLICABLE,NOT APPLICABLE,02-Jan-00,YES,740,FALSE,TRUE,TO BE UPDATED,91,6,77,5,102,8,145,8,179,8,,,,TRUE,46,44,90
996606510,996606510,9,LP,EXCELSIOR COMBINED SCHOOL,EXCELSIOR,OPEN,INDEPENDENT,ORDINARY SCHOOL,COMBINED SCHOOL,ORDINARY,INDEPENDENT,TO BE UPDATED,TO BE UPDATED,99,TO BE UPDA,800029835,6603022,7671902,TO BE UPDATED,29.394377,-24.96536,GEOCODE 2010 GOOGLE EARTH,TO BE UPDA,NEBO,TO BE UPDATED,NKANGALA DISTRICT MUNICIPALITY,TO BE UPDATED,GREATER MARBLE HALL LOCAL MUNICIPALITY,90304008,8,TO BE UPDATED,TO BE UPDATED,NOT APPLICABLE,GREATER SEKHUKHUNE,GROBLERSDAL,A,ACBRANDT,40,J PERSEEL,,40 J PERSEEL,,TOITSKRAAL WOONGEBIED,MARBLE HALL,0450,"40 J PERSEEL,TOITSKRAAL WOONGEBIED,MARBLE HALL,0450",P.O.BOX 700,MARBLEHALL,"P.O.BOX 700,MARBLEHALL,0450","P.O.BOX 700,MARBLEHALL,0450",0132611067,0132611505,,,TO BE UPDATED,NO,NONE,TO BE UPDATED,N,NOT APPLICABLE,NOT APPLICABLE,02-Jan-00,NO,0,FALSE,FALSE,TO BE UPDATED,136,14,144,14,126,13,125,12,162,14,,,,TRUE,52,40,92
